first_name,last_name,Password
Filmore,Brick,aU5#BacmBR
Laurent,Martinolli,gG1%BPFr
Heather,Bibey,iQ4+>7&jL
Jerrie,Durling,cR9|3_nnP8
Ashlin,Masserel,"wM5~vxI$,/7"
Angus,Naismith,aZ5%~i1por#|sb.~
Jaquenetta,Sharkey,iV9+(V+oYC\
Armin,Pettit,aJ3$U5{S&#KIYEIh
Wilton,Northcliffe,kG8./WG0Ro
Dallis,Embleton,"xY8'9Q6On,P"
Courtenay,Paxeford,eG6%#1k>AfcdW_
Kimberli,Westrope,"sP9|QI})KW,p(#I"
Humbert,Pidcock,"iV0?`%2T""Br."
Tamas,Ordelt,"pZ9\KJ.<o91,N*(k"
Henri,Faveryear,sI5.OqR|
Brinna,Farriar,yF4}XLp.jvk6u@>
Dulcie,Holdren,kK8)v3WK
Markos,Meric,qS2?WXZkH)3L
Noe,Flohard,iY4@(V4Zy`
Laurice,Milton-White,lM1}FnJm@
Ad,Haselgrove,"uL9,o*rMCt"
Gilburt,Callar,eK9_'o>?Z
Hilario,Finney,"yY7""8!KV_e6"
Herc,Nozzolinii,gA2|w'k|r
Ursala,Fishly,"hF6""7E8,|&S"
Marylou,Baldacchino,hV4$Q4XO`v
Elvyn,Heatherington,wN3(PW{D|tMz|*5
Pen,Littlewood,dL3$Jh@j$KJl
Timoteo,De Giorgi,bL3_{dIyBAR
Joleen,Macourek,dF9@5c)0%~
Gunilla,Manus,yX3~bRhl
Emlen,McTiernan,"zU8&|xBY*""?{8K0"
Jada,Dowbiggin,fN8!uquVz'/gL+Eu
Leisha,Grzelewski,"zT4}ki_k3,J"
Natividad,Goodinge,fC4/z`j8\c
Jeannine,Urrey,rX9_M?mA
Patricia,Siley,"iA9%}E""cu~GF"
Isabel,Striker,yW5$T4@sY`=
Estrellita,Chasmor,"pM1,E%>ta"
Solomon,Sink,xS2(0rWbWDm_Ru
Bondy,Amesbury,kH6@k'tXB
Clareta,Letrange,nD0$!dnw
Andree,Persehouse,zA8`4s'@H.\mPo
Sarette,Airey,"dF3~5)o,y|OzCjT@"
Twila,Shah,"bX2""O(zt?Xeq/"
Allianora,Glas,mM0'ytp6Xfyt\bd
Malissia,Philip,"zH5.""rNnBd&I#7/"
Antonella,Venn,uW9@JN>b
Marcellina,Fogarty,vJ4>4PH%66@OS
Alejandra,Denyer,"hM2}SwB""Y1"
Milli,Sporrij,"oR4!pqx)O#t'x""o"
Alfreda,Swadlin,oG4/b{9)g2?@8Q
Charmaine,Skryne,vW8_4*1~gDR%SMO
Mischa,Meakes,jB2~2Jn?/
Rodrigo,Shiril,gJ8@=(ltlgK
Gun,Dafforne,lJ2=)|<brb@
Read,Kiebes,xJ8&~{f'ySv
Blaine,Ajam,hY7}D.tPsnM\
Galven,Points,sV2')i4Un+(D1C.
Dolly,Anfosso,lN1!u5yy7BR
Ramon,Ferris,"jC5"".'yNnPIfnwMx"
Trumann,Pagon,"yJ5>,E'@g6i0*"
Georgiana,Airy,"qC3\MlG~,\Qbu9Ii"
Joella,Fairlamb,hD1<.y)<jz!f%p
Estella,Claige,yN2$zz0(k
Maddie,Beardall,"cU6,~=dZ4UO~1Xz"
Mellisa,Smeuin,jV6`L1=h
Rozanne,Battista,wB0/Uj|DU
Adolphe,Strange,eZ8`fk1<!
Rube,Garbett,hM1.w3zAgKV(9D
Leonie,Clacey,iZ0~m=Jq>
Nat,Wills,pW0(r1Ld*}$IF
Maximilien,Peartree,zX2@<6y@s|LGNqq@
Aubrette,Dawtrey,hL9'%nVQk8KM
Kit,Pryke,"fD2""|#K74uP.L`Xa"
Lynelle,Hariot,wK3.K)4U
Berte,Smoughton,hJ0(MS8f`OM
Orren,Crookshanks,dB1{pfqaJ
Alexia,McCloughlin,"xJ1""3@uVG""{f2|"
Ariel,Nucciotti,hT1$y(J&@T4r5l(@
Beaufort,Thomkins,kA3$yyST
Floyd,Jurn,"dQ3!6""(RvSp?M&H"
Vittoria,Cornish,oN5=Fv09Y)Z?Dq
Travus,Shewring,iT3`%jGCc
Luke,Gage,"vJ0<T0V,8%KkOG"
Rollin,Guidelli,mX1)>kHhoe
Pascale,Smaleman,cS5'>8.+m
Isis,Oboy,oD1.$_4PxPeki_
Dore,Crummy,qE7>`2Arb%2da2d
Yurik,Laying,"lK5/,q0l9i#,D"
Mathilda,Gilder,"hN4?X254""="
Lorelle,Reekie,eO6_(7Ex&ap>
Ignaz,Mawman,xQ0)ye$K~'wC
Bourke,Hukins,pV4)vOzA
Bale,Stennes,"aK0)gD""},tVXv"
Fan,Broschke,wR8<_%|n?Ye/(GA{
Rebekah,Girvan,wG4>aZWDk3T'
Selena,Searle,tD4+N*MZY
Bambie,Stripling,nH4%s6P?&%._wJCm
Adelice,Cuttell,nZ6)j#p#|9$
Willdon,Bampton,yJ1%rWk}}S
Beckie,Teresi,hW0@=ZnxK$'g.
Nahum,McCoole,"cR5`fyO&!L)""3UZ"
Britt,Korba,lT7&J.U34fP|1~
Antonia,Le Barr,qE9.Jzzzl_
Brigida,Roscow,"cO6(6tQG,VXdGUa"
Adelind,Ridings,mD9|wq0Ey(#1UI8
Tobias,Pearse,wH1~sn4D&<xF92%
Lucretia,Belin,tY6$3sZ&hN(<
Thibaud,Mordue,sC7!OP_eLP
Adina,Wolverson,"gR6""<Mq.ZN3eP"
Alleyn,Sokell,mB9<oKy|f.<W8
Tally,Jeenes,tK0+zu6r
Tremain,Andries,oY9&(U'Unh?Jso}
Sauncho,Garrison,qE4`{bgsoFN4E
Elijah,Robrow,zY5*9+~kL17
Gran,Wesgate,eW4<4dd90J|
Sheppard,Gosnay,"fT6{v7k7hr,qgs"
Gerrilee,Hiskey,rE2@%W.~PI(/6
Balduin,Iremonger,"sU2""yXOLyU)t,*"
Binny,Jarrold,hW2.VDRwou
Illa,Karus,rH2%g?r$4
Andee,Broom,mZ8(.+8T+*<m.
Gracie,Midden,qF7~Be>$
Sonia,Beton,jK9_h*Ih`$)%x&e
Janek,Grishenkov,jP2.P6`ZceIZ!
Reginauld,Melarkey,"pO9&gD9zp0,#TM"
Marc,Dillaway,"lC5""8(Xt?Q?"
Dick,Chippin,gK4&RG6303
Filide,Yankeev,hH9/TeMpj!tr
Livy,Mousley,nA8>9h/(eV
Odella,Breissan,gH9|R!D+&m
Mimi,Powland,"xH2.Z""i\Wf"
Ezra,Eliyahu,"aC0>r?(,~L*G>`"
Layne,Hubbucks,iV0$dcRY7O9'$
Niels,Jewson,hR6~kUJ24\T&q&
Eleonora,Pepin,"sN4""gWL.\g8/S"
Shel,Ide,jH3.kBp%k$
Rudyard,Matusov,uL6)%8kJy$vByvJA
Kerstin,Antao,"nU9<R7i,kCHPUn"
Chet,Arnefield,tZ2=zV_@kM5
Elke,Poynser,rR6(F{!U9l?~ef
Oralla,Hoyer,xK7#rDX*eUke5E
Ellene,Bytheway,"qB8""Jr$AH8u4"
Catharina,Elden,"hG2,EvpVu0KybZ"
Byran,Scotchmur,"pE6,!2+8r"
Clemence,Scarsbrooke,gK8&%1U7#}G#%'
Carl,Weins,uE6#toMKTTl
Aubine,Hirschmann,zZ9'K)Paqh|q*
Lyn,Rampling,tY2/E/KDDD\
Woodie,Fradson,nJ4*%vEemL0_d
Charmian,Jacobsson,oG4&pK0LBeT=<J1j
Rickard,Lorkin,"hV9~,Tb@SdBK|"
Mehetabel,Collings,vX0}Qd6FL/4?im
Sidney,Olyet,qR5'G|pv
Cammy,D'Antoni,kU2|cjHsxy%7#kw
Holt,Bottjer,vD9!}drr6S?HG3Fr
Miquela,Comber,pT5)_z>tH
Giffer,McCart,iR5/7X%gV2NTSJ&
Glennis,Chicken,wR5!zde{
Dario,Worcester,wD2|DW5l
Nate,Pietzner,"cC7%xYf!F,"
Arnie,Demkowicz,zP6(0&2Ou!F
Keslie,Zoellner,"tU3""1f0QA,)%x"
Ambur,Jouanet,"bE2~5xqyd%'""EB"
Ivett,Skipsey,pH1#}Eu8j@S%rpO+
Tymon,Lancastle,nC1?{9Ri$
Adora,Rodder,eT2+Uw@~F4
Florencia,Gilardone,zC9*2wy=1iO
Darill,Ivoshin,kC0&jxP*
Veda,Pittam,"iS8\(kK,{q5"
Ranna,Louis,cV1?hlZ_L/DqEZ
Jarib,Eddins,vU7'+W&Y
Alvis,Dodamead,wS9*I&*6
Mona,Segar,xR6|0L~>'
Mandy,Bulch,zY3'Plka2n
Guthrie,Assiratti,"zG2{>gh""7`"
Virginia,Cheverell,nR9*ljYn!5
Ivory,Sizey,eS3{i>~u&~
Valry,Anan,lX7<EhOU?9sHM
Sig,Jindra,sE8<~FamMzQ
Yevette,Christophersen,dL8#8TC.d2nu
Sharlene,Gregorio,"qQ8,&b?K$vCr!lQ"
Axel,Canellas,pA6.ow(SBC
Martica,Scutchings,aR2>m7ui=KK
Federica,Ashe,pS1~!Th{0$&9*{{F
Alyse,Jillins,dC9%u>1>q2
Carlene,Tackett,nX4%+7PAlU..
Llywellyn,Cowlam,aG6\y.8+40X
Jereme,Folbigg,tS9=t/x$j
Sissie,Johnigan,hH9`CkF<
Lindy,Van Der Walt,"pW3},EIJ"
Georgi,Quickenden,"hD3?c=sq+""XlO?"
Juan,Readitt,qQ6'5i.I!buU{jS
Leoline,Beckers,lU8`~Un)KOA3+M4
Phylis,Skoggings,"fV6\""wum,m=J"
Brenn,Ausher,eS1|Yy1WU<U{07
Lorraine,Fearnehough,uT6#*1IR%
Catlin,Gadaud,yM5\P=xmak&sm
Lester,Cardow,gJ6=Z)7Pok
